sentence,label
Put the payment gateway on me.,assign_task
I'll pick up the payment gateway myself.,assign_task
The deployment script should go to Priya.,assign_task
Put the password reset flow on me.,assign_task
All the work for the data export feature is wrapped up.,complete_task
That task is fully done and ready for review.,complete_task
I'm about halfway through the authentication service.,update_status
I've wrapped up the notification service and pushed the changes.,complete_task
Please document on SCRUM-42 that the team agreed to use a third-party library.,add_comment
"We need a new story for the unit tests for auth, Avery will own it.",create_task
Let's reassign the caching layer from Casey to Taylor.,assign_task
Please document on SCRUM-3 that we changed the deadline to Friday.,add_comment
We need to open a bug for the rate limiting middleware.,create_task
Remind me to add a note on SCRUM-36 later.,add_comment
"The load balancer config is finished, nothing left to do.",complete_task
"I don't see a ticket for the accessibility fixes, I'll create one.",create_task
Can someone create a story for the authentication service?,create_task
I think we should open a ticket for the notification service.,create_task
I deployed SCRUM-48.,complete_task
Just done with the login page UI.,complete_task
Can you drop a note on the caching layer that the PR needs another round of review?,add_comment
I've been taking care of the data export feature since yesterday.,update_status
"I've finished the API integration module, it's ready for review.",complete_task
Add a note to the caching layer saying we got sign-off from the product team.,add_comment
After this call I'll update the error tracking setup with the details.,add_comment
Someone should note on the API integration module that we changed the deadline to Friday.,add_comment
We need to open a bug for the search feature.,create_task
Just closed out SCRUM-13.,complete_task
"Casey, would you be able to handle the deployment script?",assign_task
Avery said they'd pick up the database schema migration.,assign_task
I'll note that in the ticket.,add_comment
The database schema migration is on hold until we resolve the config issue.,update_status
The api integration module has been completed.,complete_task
We should create a spike for the dark mode feature.,create_task
I'm assigning the notification service to Riley.,assign_task
Can someone create a story for the Redis integration?,create_task
I'll note that in the ticket.,add_comment
Morgan deployed the payment gateway yesterday.,complete_task
SCRUM-31 is blocked waiting on infra.,update_status
I'll pick up the caching layer myself.,assign_task
I'll assign SCRUM-7 to Jordan.,assign_task
"I don't see a ticket for the data export feature, I'll create one.",create_task
Riley finished the login page UI last sprint.,complete_task
I'm assigning the login page UI to Morgan.,assign_task
I'll open a ticket for the email service today.,create_task
My PR for the Redis integration is up for review.,update_status
Can you assign the admin dashboard to Riley?,assign_task
Taylor finished the Redis integration yesterday.,complete_task
Devon is going to pick up the API documentation.,assign_task
I've resolved the reporting module and pushed the changes.,complete_task
I'm assigning the unit tests for auth to Jordan.,assign_task
SCRUM-46 is now assigned to Taylor.,assign_task
I can't move forward on the reporting module until the API is ready.,update_status
We need to create a new task for the rate limiting middleware.,create_task
Let's log a bug for the issue in the OAuth implementation.,create_task
I've wrapped up the onboarding flow.,complete_task
I'll own the S3 bucket setup going forward.,assign_task
I'll note that in the ticket.,add_comment
Log a comment on the email service: we got sign-off from the product team.,add_comment
SCRUM-21 is in review.,update_status
Blocked on the error tracking setup due to a dependency on Riley.,update_status
I'll document that decision in SCRUM-29.,add_comment
I'll open a ticket for the deployment script today.,create_task
I'll own the reporting module going forward.,assign_task
Today I'll continue actively working on the authentication service.,update_status
Alex finished the password reset flow last sprint.,complete_task
My plan is to open a story for the unit tests for auth today.,create_task
I'm still on SCRUM-11.,update_status
I'll update the comments on the email service with today's discussion.,add_comment
The admin dashboard is deployed to staging.,complete_task
"We need a task for the search feature, the description should cover the implementation details.",create_task
SCRUM-29 has been done with.,complete_task
I'm done with the search feature.,complete_task
We should add the API integration module to the backlog.,create_task
Please document on SCRUM-48 that we switched from MySQL to PostgreSQL for this.,add_comment
Can you move SCRUM-58 to Avery?,assign_task
Add a comment to SCRUM-11 that the approach was approved in the design review.,add_comment
Riley should be the owner of the database schema migration.,assign_task
The reporting module is in progress.,update_status
Just closed out SCRUM-37.,complete_task
Update SCRUM-7 with a comment — the approach was approved in the design review.,add_comment
Making good progress on the Redis integration.,update_status
Update the email service with a comment about the API changes.,add_comment
That feature isn't tracked yet — we need a ticket.,create_task
We can mark the admin dashboard as done.,complete_task
Priya will take over the caching layer from Quinn.,assign_task
We need to create a new task for the mobile responsive layout.,create_task
Can you update the ticket for the admin dashboard with a note that we got sign-off from the product team?,add_comment
I'll leave a note on SCRUM-25 about this.,add_comment
Action item: create a ticket for the dark mode feature.,create_task
SCRUM-12 is blocked waiting on infra.,update_status
I'll add a comment to the caching layer after the standup.,add_comment
I'll add a technical note to SCRUM-49 for future reference.,add_comment
I'm about halfway through the webhook handler.,update_status
I'm happy to say the caching layer is complete.,complete_task
I'm happy to say the data export feature is complete.,complete_task
I merged the deployment script last night.,complete_task
"I'm blocked on the search feature, waiting for Morgan.",update_status
SCRUM-18 is now assigned to Alex.,assign_task
"We're missing a story for the dark mode feature, someone add it.",create_task
After this call I'll update the rate limiting middleware with the details.,add_comment
I'll open a ticket for the S3 bucket setup today.,create_task
I'll add a note to the password reset flow about the approach we discussed.,add_comment
"I'm blocked on the search feature, waiting for Devon.",update_status
Today I'll continue currently handling the error tracking setup.,update_status
Can you drop a note on the authentication service that the PR needs another round of review?,add_comment
We should create a spike for the login page UI.,create_task
I'm assigning the notification service to Casey.,assign_task
I'll assign the load balancer config to Sameer.,assign_task
I need to log a task for the billing integration before EOD.,create_task
The PR for the Redis integration is merged and deployed.,complete_task
I merged the caching layer into main.,complete_task
We should add the authentication service to the backlog.,create_task
That feature isn't tracked yet — we need a ticket.,create_task
Update the login page UI with a comment about the API changes.,add_comment
I can't move forward on the webhook handler until the API is ready.,update_status
Quinn should be the owner of the admin dashboard.,assign_task
My PR for the rate limiting middleware got merged.,complete_task
I'm close to finishing the notification service.,update_status
The email service has been deployed.,complete_task
Someone should create an issue for the user profile page.,create_task
Sameer will own the S3 bucket setup going forward.,assign_task
There's no task for the reporting module yet.,create_task
Quinn will take over the onboarding flow from Alex.,assign_task
I'll add a comment to the mobile responsive layout after the standup.,add_comment
I'll add a comment to the user profile page after the standup.,add_comment
SCRUM-43 is done.,complete_task
I deployed the search feature last night.,complete_task
Morgan said they'd pick up the webhook handler.,assign_task
Add a note to the deployment script saying we switched from MySQL to PostgreSQL for this.,add_comment
Let's assign the password reset flow to Avery.,assign_task
I merged the data export feature into main.,complete_task
Assigning SCRUM-57 to Jordan.,assign_task
Still working through SCRUM-16.,update_status
I put the rate limiting middleware into review yesterday.,update_status
The oauth implementation is deployed to staging.,complete_task
Action item: create a ticket for the unit tests for auth.,create_task
"The password reset flow is finished, nothing left to do.",complete_task
Can you open a new story for the deployment script?,create_task
Can you open a new story for the authentication service?,create_task
Please document on SCRUM-21 that we agreed to postpone this to next sprint.,add_comment
Jamie wrapped up the search feature yesterday.,complete_task
Avery finished the webhook handler last sprint.,complete_task
Can you record the decision in the accessibility fixes?,add_comment
I've been working on the notification service since yesterday.,update_status
Just closed out SCRUM-16.,complete_task
I'll take the error tracking setup.,assign_task
I'll create an investigation ticket for the Redis integration.,create_task
The email service is deployed to staging.,complete_task
I'll leave a note on SCRUM-53 about this.,add_comment
I'm happy to say the data export feature is complete.,complete_task
Let me create a task for the password reset flow.,create_task
I'll document that decision in SCRUM-59.,add_comment
Someone should note on the authentication service that we switched from MySQL to PostgreSQL for this.,add_comment
I picked up the password reset flow yesterday and it's going well.,update_status
Open a ticket for the user profile page for Taylor to pick up.,create_task
Let me add that to the ticket.,add_comment
"I'm blocked on the login page UI, waiting for Jamie.",update_status
Let's log a bug for the issue in the search feature.,create_task
Just closed out SCRUM-20.,complete_task
I merged the accessibility fixes into main.,complete_task
Blocked on the CI/CD pipeline due to a dependency on Quinn.,update_status
Today I'll continue continuing with the notification service.,update_status
I'll update the ticket for the CI/CD pipeline with what we decided.,add_comment
We should add the billing integration to the backlog.,create_task
I finished SCRUM-36 this morning.,complete_task
The mobile responsive layout should go to Jordan.,assign_task
I'll have Avery pick up the load balancer config.,assign_task
That feature isn't tracked yet — we need a ticket.,create_task
Today I'm going to create a task for the reporting module.,create_task
Note in the billing integration that we're waiting on the design team.,add_comment
That task is fully done and ready for review.,complete_task
Can we give the user profile page to Devon?,assign_task
"I need someone to take the load balancer config — Avery, can you?",assign_task
Devon will take over the login page UI from Avery.,assign_task
We should add the payment gateway to the backlog.,create_task
I'll open a ticket for the unit tests for auth today.,create_task
I deployed the Redis integration last night.,complete_task
We need to create a new task for the payment gateway.,create_task
"I've finished the accessibility fixes, it's ready for review.",complete_task
Can you move SCRUM-22 to Avery?,assign_task
I'd like Alex to own the user profile page.,assign_task
The ci/cd pipeline is blocked — we need a decision first.,update_status
"I don't see a ticket for the error tracking setup, I'll create one.",create_task
SCRUM-35 is blocked waiting on infra.,update_status
We need a new ticket for the mobile responsive layout.,create_task
Can Morgan pick this up?,assign_task
Can you assign the OAuth implementation to Morgan?,assign_task
Please document on SCRUM-52 that we decided to split this into two tasks.,add_comment
Action item: create a ticket for the Redis integration.,create_task
I'm currently handling SCRUM-17.,update_status
I finished SCRUM-21 this morning.,complete_task
"I need someone to take the Redis integration — Quinn, can you?",assign_task
Let me comment on SCRUM-19 with the outcome of today's discussion.,add_comment
Remind me to add a note on SCRUM-51 later.,add_comment
Just need to finish the tests for the admin dashboard and it's done.,update_status
I'm going to delegate the onboarding flow to Quinn.,assign_task
Let's log a bug for the issue in the authentication service.,create_task
I deployed the payment gateway last night.,complete_task
I wrapped up the mobile responsive layout this morning.,complete_task
The error tracking setup is deployed to staging.,complete_task
I'll add a technical note to SCRUM-42 for future reference.,add_comment
I've closed SCRUM-41.,complete_task
"I don't see a ticket for the data export feature, I'll create one.",create_task
After this call I'll update the rate limiting middleware with the details.,add_comment
I'm still continuing with the caching layer.,update_status
I'm going to delegate the user profile page to Priya.,assign_task
I'll assign the search feature to Casey.,assign_task
I merged the webhook handler last night.,complete_task
I'm actively continuing with the login page UI.,update_status
I'll open a ticket for the data export feature today.,create_task
Create a task for the authentication service and assign it to Casey.,create_task
I'll add a technical note to SCRUM-4 for future reference.,add_comment
SCRUM-9 is blocked waiting on infra.,update_status
After this call I'll update the reporting module with the details.,add_comment
I resolved the rate limiting middleware yesterday.,complete_task
Someone should create an issue for the data export feature.,create_task
I think we should open a ticket for the notification service.,create_task
Can you record the decision in the deployment script?,add_comment
The caching layer is in review.,update_status
I'm actively working on the admin dashboard right now.,update_status
Let's assign the deployment script to Morgan.,assign_task
Let me comment on SCRUM-39 with the outcome of today's discussion.,add_comment
The onboarding flow should go to Taylor.,assign_task
Open a ticket for the admin dashboard for Jamie to pick up.,create_task
I've submitted the rate limiting middleware for review.,update_status
Today I'll continue working on the error tracking setup.,update_status
Can you update the ticket for the notification service with a note that the team agreed to use a third-party library?,add_comment
I've closed SCRUM-15.,complete_task
That task is fully done and ready for review.,complete_task
Let's create a task to handle the mobile responsive layout.,create_task
I'll add a note to the login page UI about the approach we discussed.,add_comment
Blocked on the caching layer due to a dependency on Quinn.,update_status
I put the onboarding flow into review yesterday.,update_status
"I've finished the S3 bucket setup, it's ready for review.",complete_task
Can you open a new story for the webhook handler?,create_task
SCRUM-20 has been finished.,complete_task
"Still working on the CI/CD pipeline, should be done by EOD.",update_status
Riley said they'd pick up the onboarding flow.,assign_task
We can mark the database schema migration as done.,complete_task
I'll add a note to the load balancer config about the approach we discussed.,add_comment
I'm happy to say the data export feature is complete.,complete_task
My PR for the reporting module got merged.,complete_task
Still working through SCRUM-32.,update_status
Can Devon pick this up?,assign_task
"Still picking up the notification service, should be done by EOD.",update_status
Let me add a new task for the email service — it should include setup instructions.,create_task
"We need a new story for the user profile page, Jordan will own it.",create_task
That feature isn't tracked yet — we need a ticket.,create_task
I finished SCRUM-17 this morning.,complete_task
Quinn should be the owner of the password reset flow.,assign_task
"The webhook handler is finished, nothing left to do.",complete_task
I'll pick up the mobile responsive layout myself.,assign_task
Please add a comment on SCRUM-48 — the PR needs another round of review.,add_comment
"The caching layer is almost done, just a few things left.",update_status
Remind me to add a note on SCRUM-7 later.,add_comment
Moving the reporting module from Jordan to Quinn.,assign_task
The user profile page is deployed to staging.,complete_task
We should add the mobile responsive layout to the backlog.,create_task
I picked up the database schema migration yesterday and it's going well.,update_status
"The authentication service is finished, nothing left to do.",complete_task
I'll add a technical note to SCRUM-29 for future reference.,add_comment
Just need to finish the tests for the search feature and it's done.,update_status
Add a note to the mobile responsive layout saying we switched from MySQL to PostgreSQL for this.,add_comment
We need to open a bug for the notification service.,create_task
Assigning SCRUM-26 to Jamie.,assign_task
Note in the billing integration that we're waiting on the design team.,add_comment
"I've finished the accessibility fixes, it's ready for review.",complete_task
Let's reassign the API integration module from Jamie to Taylor.,assign_task
"the API documentation isn't in Jira yet, let me add it.",create_task
Priya is going to pick up the password reset flow.,assign_task
We should add the notification service to the backlog.,create_task
I'll add a technical note to SCRUM-26 for future reference.,add_comment
I'll pick up the mobile responsive layout myself.,assign_task
I'm still still on the notification service.,update_status
"I'm blocked on the CI/CD pipeline, waiting for Alex.",update_status
"We're missing a story for the database schema migration, someone add it.",create_task
Note in the payment gateway that we're waiting on the design team.,add_comment
Put the email service on me.,assign_task
Update SCRUM-33 with a comment — the PR needs another round of review.,add_comment
The api documentation is on hold until we resolve the config issue.,update_status
Let's make sure to document this in SCRUM-22.,add_comment
Just shipped the notification service.,complete_task
The PR for the CI/CD pipeline is merged and deployed.,complete_task
Just closed out SCRUM-39.,complete_task
Devon is going to pick up the notification service.,assign_task
Can someone create a story for the dark mode feature?,create_task
I'll assign SCRUM-46 to Taylor.,assign_task
I'll create an investigation ticket for the payment gateway.,create_task
Please document on SCRUM-51 that the client requested a UI change.,add_comment
Today I'll continue in the middle of the admin dashboard.,update_status
My PR for the error tracking setup got merged.,complete_task
Put the API integration module on me.,assign_task
We can mark the API documentation as done.,complete_task
Let me add a new task for the search feature — it should include setup instructions.,create_task
SCRUM-48 is now assigned to Sameer.,assign_task
I'm close to finishing the caching layer.,update_status
The database schema migration has been finished.,complete_task
I've shipped the dark mode feature and pushed the changes.,complete_task
Can you assign the load balancer config to Avery?,assign_task
SCRUM-46 has been merged.,complete_task
I'll assign SCRUM-2 to Devon.,assign_task
I put the API integration module into review yesterday.,update_status
We can mark the admin dashboard as done.,complete_task
Let's log a bug for the issue in the data export feature.,create_task
"We need a task for the S3 bucket setup, the description should cover the implementation details.",create_task
Add a comment to SCRUM-54 that the team agreed to use a third-party library.,add_comment
"I need someone to take the accessibility fixes — Taylor, can you?",assign_task
"The mobile responsive layout is finished, nothing left to do.",complete_task
We need a new ticket for the load balancer config.,create_task
The work on the reporting module is complete.,complete_task
I'm assigning the data export feature to Taylor.,assign_task
We should put that in the ticket for the notification service.,add_comment
Blocked on the API integration module due to a dependency on Jordan.,update_status
I'm close to finishing the OAuth implementation.,update_status
Today I'm going to create a task for the password reset flow.,create_task
We should create a spike for the caching layer.,create_task
I've submitted the email service for review.,update_status
Let's assign the mobile responsive layout to Jordan.,assign_task
Can you update the ticket for the billing integration with a note that the PR needs another round of review?,add_comment
Can Riley pick this up?,assign_task
"We need a task for the onboarding flow, the description should cover the implementation details.",create_task
I'll update the comments on the Redis integration with today's discussion.,add_comment
Please add a comment on SCRUM-33 — we agreed to postpone this to next sprint.,add_comment
I think we should open a ticket for the load balancer config.,create_task
The dark mode feature should go to Priya.,assign_task
Create a task for the email service and assign it to Jamie.,create_task
I'm done with the search feature.,complete_task
We need to create a new task for the load balancer config.,create_task
Making good progress on the user profile page.,update_status
"I'm blocked on the database schema migration, waiting for Quinn.",update_status
Riley will take over the search feature from Taylor.,assign_task
Let me add that to the ticket.,add_comment
Can someone annotate the user profile page with the edge cases we found?,add_comment
"We're missing a story for the search feature, someone add it.",create_task
The notification service is deployed to staging.,complete_task
Log a comment on the dark mode feature: we switched from MySQL to PostgreSQL for this.,add_comment
I can't move forward on the API documentation until the API is ready.,update_status
The search feature is on hold until we resolve the config issue.,update_status
Let me add that to the ticket.,add_comment
Someone should note on the email service that the client requested a UI change.,add_comment
Can someone annotate the user profile page with the edge cases we found?,add_comment
We need to create a new task for the database schema migration.,create_task
My PR for the user profile page is up for review.,update_status
Let's assign the load balancer config to Priya.,assign_task
I'll assign SCRUM-46 to Riley.,assign_task
I finished the Redis integration yesterday.,complete_task
Let me create a task for the payment gateway.,create_task
Morgan said they'd pick up the mobile responsive layout.,assign_task
Today I'm going to create a task for the admin dashboard.,create_task
Can you record the decision in the API integration module?,add_comment
I've been continuing with the admin dashboard since yesterday.,update_status
"We're missing a story for the notification service, someone add it.",create_task
SCRUM-46 is in review.,update_status
That feature isn't tracked yet — we need a ticket.,create_task
Can Taylor pick this up?,assign_task
Moving the dark mode feature from Quinn to Sameer.,assign_task
I wrapped up the S3 bucket setup this morning.,complete_task
I need to log a task for the load balancer config before EOD.,create_task
Can you open a new story for the webhook handler?,create_task
Add a note to the error tracking setup saying we decided to split this into two tasks.,add_comment
Moving the deployment script from Taylor to Avery.,assign_task
I've submitted the authentication service for review.,update_status
I deployed the authentication service last night.,complete_task
Open a ticket for the notification service for Priya to pick up.,create_task
I think we should open a ticket for the mobile responsive layout.,create_task
Can you drop a note on the caching layer that the team agreed to use a third-party library?,add_comment
I'm picking up the API integration module right now.,update_status
"I don't see a ticket for the deployment script, I'll create one.",create_task
Can someone create a story for the API documentation?,create_task
I'll own the rate limiting middleware going forward.,assign_task
I can take ownership of the data export feature.,assign_task
I've signed off on the onboarding flow.,complete_task
The deployment script is on hold until we resolve the config issue.,update_status
I've closed SCRUM-15.,complete_task
I'm actively making progress on the search feature.,update_status
"I need someone to take the notification service — Riley, can you?",assign_task
There's no task for the Redis integration yet.,create_task
I merged the reporting module yesterday.,complete_task
My PR for the Redis integration is up for review.,update_status
I'm about halfway through the caching layer.,update_status
Quinn will own the payment gateway going forward.,assign_task
I'm assigning the Redis integration to Jordan.,assign_task
I've been in the middle of the onboarding flow since yesterday.,update_status
Someone should create an issue for the database schema migration.,create_task
I'll own the rate limiting middleware going forward.,assign_task
The deployment script has been resolved.,complete_task
Let's make sure to document this in SCRUM-34.,add_comment
Log a comment on the unit tests for auth: the team agreed to use a third-party library.,add_comment
Update SCRUM-22 with a comment — the approach was approved in the design review.,add_comment
Blocked on the admin dashboard due to a dependency on Devon.,update_status
I've been halfway through the payment gateway since yesterday.,update_status
There's no task for the accessibility fixes yet.,create_task
Let's assign the mobile responsive layout to Morgan.,assign_task
I'll take the caching layer.,assign_task
SCRUM-33 is now assigned to Taylor.,assign_task
Can someone create a story for the load balancer config?,create_task
That feature isn't tracked yet — we need a ticket.,create_task
I'll take the mobile responsive layout.,assign_task
I'm happy to say the dark mode feature is complete.,complete_task
Please add a comment on SCRUM-20 — we decided to split this into two tasks.,add_comment
We should document the decision about the user profile page in the ticket.,add_comment
Priya wrapped up the mobile responsive layout yesterday.,complete_task
I've completed about 80% of the login page UI.,update_status
"The accessibility fixes is almost done, just a few things left.",update_status
I picked up the API integration module yesterday and it's going well.,update_status
Let me comment on SCRUM-56 with the outcome of today's discussion.,add_comment
I'll create an investigation ticket for the webhook handler.,create_task
I'll document that decision in SCRUM-41.,add_comment
I'm assigning the onboarding flow to Alex.,assign_task
I'm actively actively working on the Redis integration.,update_status
I finished SCRUM-1 this morning.,complete_task
Can Devon own the search feature?,assign_task
"Still continuing with the error tracking setup, should be done by EOD.",update_status
Today I'm going to create a task for the S3 bucket setup.,create_task
The PR for the CI/CD pipeline is merged and deployed.,complete_task
Add a comment to SCRUM-39 that we agreed to postpone this to next sprint.,add_comment
Can someone annotate the payment gateway with the edge cases we found?,add_comment
I think we should open a ticket for the mobile responsive layout.,create_task
The ci/cd pipeline has been signed off on.,complete_task
Can you drop a note on the authentication service that the approach was approved in the design review?,add_comment
The password reset flow is deployed to staging.,complete_task
"We need a task for the authentication service, the description should cover the implementation details.",create_task
Please add a comment on SCRUM-42 — we agreed to postpone this to next sprint.,add_comment
I'll assign SCRUM-23 to Morgan.,assign_task
SCRUM-39 is now assigned to Jamie.,assign_task
I'll add a comment to the API documentation after the standup.,add_comment
Put the rate limiting middleware on me.,assign_task
Today I'll continue working on the OAuth implementation.,update_status
"The search feature is ready for review, waiting on Morgan.",update_status
Can you update the ticket for the unit tests for auth with a note that we decided to use REST instead of GraphQL?,add_comment
I'm done with the unit tests for auth.,complete_task
Let's create a task to handle the billing integration.,create_task
The admin dashboard is in progress.,update_status
The dark mode feature is done.,complete_task
"We're missing a story for the OAuth implementation, someone add it.",create_task
I've signed off on the payment gateway.,complete_task
"We need a new story for the notification service, Riley will own it.",create_task
Just closed out SCRUM-7.,complete_task
I think we should open a ticket for the login page UI.,create_task
Let's create a task to handle the Redis integration.,create_task
Can someone annotate the unit tests for auth with the edge cases we found?,add_comment
I'm happy to say the password reset flow is complete.,complete_task
Can you record the decision in the rate limiting middleware?,add_comment
Let's make sure to document this in SCRUM-57.,add_comment
I'd like Riley to own the S3 bucket setup.,assign_task
I'll own the database schema migration going forward.,assign_task
I'll assign the OAuth implementation to Avery.,assign_task
Making good progress on the admin dashboard.,update_status
I'm still on SCRUM-55.,update_status
Making good progress on the database schema migration.,update_status
Put the Redis integration on me.,assign_task
I'll leave a note on SCRUM-17 about this.,add_comment
I'll take the user profile page.,assign_task
SCRUM-46 is currently in progress.,update_status
I'll leave a note on SCRUM-19 about this.,add_comment
We should put that in the ticket for the dark mode feature.,add_comment
I've closed SCRUM-17.,complete_task
I'm actively in the middle of the OAuth implementation.,update_status
Avery said they'd pick up the database schema migration.,assign_task
I'll own the admin dashboard going forward.,assign_task
I'd like Jordan to own the database schema migration.,assign_task
Update the S3 bucket setup with a comment about the API changes.,add_comment
I'll take the OAuth implementation.,assign_task
SCRUM-2 has been merged.,complete_task
"Still making progress on the user profile page, should be done by EOD.",update_status
Blocked on the API documentation due to a dependency on Riley.,update_status
There's no task for the load balancer config yet.,create_task
Can you move SCRUM-57 to Morgan?,assign_task
Avery finished the load balancer config yesterday.,complete_task
I'll create an investigation ticket for the authentication service.,create_task
Just deployed the onboarding flow.,complete_task
The caching layer should go to Morgan.,assign_task
I'm actively actively working on the S3 bucket setup.,update_status
SCRUM-56 is blocked waiting on infra.,update_status
Add a comment to SCRUM-4 that we decided to split this into two tasks.,add_comment
I'm going to delegate the onboarding flow to Taylor.,assign_task
I'm assigning the billing integration to Devon.,assign_task
Can you record the decision in the billing integration?,add_comment
Just closed out SCRUM-39.,complete_task
"Priya, can you take ownership of the password reset flow?",assign_task
My PR for the API documentation got merged.,complete_task
Let me create a task for the API integration module.,create_task
I need to log a task for the API integration module before EOD.,create_task
"The oauth implementation is almost done, just a few things left.",update_status
The mobile responsive layout is in review.,update_status
I'll add a comment to the user profile page after the standup.,add_comment
I picked up the login page UI yesterday and it's going well.,update_status
I picked up the API documentation yesterday and it's going well.,update_status
The redis integration has been deployed.,complete_task
I'll own the S3 bucket setup going forward.,assign_task
I completed SCRUM-12.,complete_task
The PR for the API integration module is merged and deployed.,complete_task
Please add a comment on SCRUM-59 — we changed the deadline to Friday.,add_comment
Add context to SCRUM-34 about the blockers we discussed.,add_comment
Let's assign the billing integration to Riley.,assign_task
I deployed the reporting module last night.,complete_task
I'll leave a note on SCRUM-32 about this.,add_comment
SCRUM-50 is blocked waiting on infra.,update_status
We can mark the login page UI as done.,complete_task
I've submitted the error tracking setup for review.,update_status
Riley will take over the password reset flow from Quinn.,assign_task
I'll pick up the Redis integration myself.,assign_task
Blocked on the reporting module due to a dependency on Morgan.,update_status
Let's reassign the database schema migration from Taylor to Morgan.,assign_task
Making good progress on the admin dashboard.,update_status
That feature isn't tracked yet — we need a ticket.,create_task
That feature isn't tracked yet — we need a ticket.,create_task
The email service is done.,complete_task
I'm going to delegate the load balancer config to Morgan.,assign_task
The password reset flow should go to Morgan.,assign_task
I think we should open a ticket for the password reset flow.,create_task
"Still currently handling the load balancer config, should be done by EOD.",update_status
SCRUM-13 is in review.,update_status
The work on the API documentation is complete.,complete_task
Can we give the data export feature to Jordan?,assign_task
Please document on SCRUM-49 that we decided to split this into two tasks.,add_comment
SCRUM-38 is currently in progress.,update_status
We should add the Redis integration to the backlog.,create_task
I'm working on SCRUM-10.,update_status
SCRUM-5 is currently in progress.,update_status
The admin dashboard is on hold until we resolve the config issue.,update_status
I finished SCRUM-59 this morning.,complete_task
"Still currently handling the webhook handler, should be done by EOD.",update_status
Moving the webhook handler from Jordan to Priya.,assign_task
Someone should note on the password reset flow that the approach was approved in the design review.,add_comment
Can someone annotate the reporting module with the edge cases we found?,add_comment
I'm actively making progress on the reporting module.,update_status
I've submitted the webhook handler for review.,update_status
"I need someone to take the data export feature — Sameer, can you?",assign_task
I need to log a task for the webhook handler before EOD.,create_task
The dark mode feature is done.,complete_task
I'm about halfway through the email service.,update_status
Blocked on the rate limiting middleware due to a dependency on Devon.,update_status
I'll add a technical note to SCRUM-43 for future reference.,add_comment
I'll leave a note on SCRUM-49 about this.,add_comment
Let me add that to the ticket.,add_comment
We can mark the user profile page as done.,complete_task
I think we should open a ticket for the OAuth implementation.,create_task
Can someone create a story for the rate limiting middleware?,create_task
I've been taking care of the notification service since yesterday.,update_status
Can Jordan pick this up?,assign_task
SCRUM-10 is currently in progress.,update_status
Still working through SCRUM-42.,update_status
Casey resolved the deployment script yesterday.,complete_task
My PR for the S3 bucket setup got merged.,complete_task
"I don't see a ticket for the admin dashboard, I'll create one.",create_task
SCRUM-58 is currently in progress.,update_status
That feature isn't tracked yet — we need a ticket.,create_task
Let's log a bug for the issue in the deployment script.,create_task
I put the load balancer config into review yesterday.,update_status
Let's assign the notification service to Casey.,assign_task
Add context to SCRUM-29 about the blockers we discussed.,add_comment
The caching layer is in review.,update_status
The api integration module has been finished.,complete_task
I'm going to delegate the deployment script to Casey.,assign_task
"the search feature isn't in Jira yet, let me add it.",create_task
"I need someone to take the accessibility fixes — Riley, can you?",assign_task
Add a comment to SCRUM-5 that the client requested a UI change.,add_comment
Please add a comment on SCRUM-12 — we decided to split this into two tasks.,add_comment
Update the mobile responsive layout with a comment about the API changes.,add_comment
I've completed about 80% of the rate limiting middleware.,update_status
The api integration module is in progress.,update_status
I'll create an investigation ticket for the password reset flow.,create_task
We need a new ticket for the authentication service.,create_task
Quinn said they'd pick up the API integration module.,assign_task
Casey finished the webhook handler last sprint.,complete_task
"Still halfway through the email service, should be done by EOD.",update_status
Avery will take over the error tracking setup from Priya.,assign_task
SCRUM-32 is blocked waiting on infra.,update_status
I can't move forward on the onboarding flow until the API is ready.,update_status
The dark mode feature is on hold until we resolve the config issue.,update_status
"I don't see a ticket for the load balancer config, I'll create one.",create_task
My PR for the deployment script is up for review.,update_status
Add context to SCRUM-15 about the blockers we discussed.,add_comment
The user profile page should go to Taylor.,assign_task
I done with the data export feature last night.,complete_task
I'm about halfway through the payment gateway.,update_status
I'm happy to say the CI/CD pipeline is complete.,complete_task
Casey should handle the email service this sprint.,assign_task
"the error tracking setup isn't in Jira yet, let me add it.",create_task
"We need a task for the database schema migration, the description should cover the implementation details.",create_task
"We need a task for the login page UI, the description should cover the implementation details.",create_task
SCRUM-1 has been finished.,complete_task
I'll update the comments on the API integration module with today's discussion.,add_comment
Can someone annotate the accessibility fixes with the edge cases we found?,add_comment
Avery should be the owner of the deployment script.,assign_task
"Taylor, would you be able to handle the caching layer?",assign_task
We should document the decision about the database schema migration in the ticket.,add_comment
My PR for the login page UI is up for review.,update_status
That feature isn't tracked yet — we need a ticket.,create_task
Please add a comment on SCRUM-56 — we switched from MySQL to PostgreSQL for this.,add_comment
Please document on SCRUM-14 that the approach was approved in the design review.,add_comment
I'll add a comment to the error tracking setup after the standup.,add_comment
My plan is to open a story for the rate limiting middleware today.,create_task
The login page ui is in review.,update_status
Can you record the decision in the Redis integration?,add_comment
I'll add a comment to the authentication service after the standup.,add_comment
SCRUM-29 is done.,complete_task
Note in the rate limiting middleware that we're waiting on the design team.,add_comment
The caching layer is done.,complete_task
I signed off on the payment gateway last night.,complete_task
Can you record the decision in the webhook handler?,add_comment
I picked up the notification service yesterday and it's going well.,update_status
Just need to finish the tests for the admin dashboard and it's done.,update_status
Let me comment on SCRUM-5 with the outcome of today's discussion.,add_comment
I'm going to delegate the mobile responsive layout to Jamie.,assign_task
"We need a task for the webhook handler, the description should cover the implementation details.",create_task
We need a new ticket for the notification service.,create_task
SCRUM-57 is blocked waiting on infra.,update_status
That task is fully done and ready for review.,complete_task
I'll add a comment to the API documentation after the standup.,add_comment
Sameer closed out the CI/CD pipeline yesterday.,complete_task
"The authentication service is almost done, just a few things left.",update_status
Jamie closed out the data export feature yesterday.,complete_task
We can mark the deployment script as done.,complete_task
I'll add a technical note to SCRUM-15 for future reference.,add_comment
Can you drop a note on the login page UI that the approach was approved in the design review?,add_comment
Can you update the ticket for the email service with a note that the team agreed to use a third-party library?,add_comment
Add context to SCRUM-33 about the blockers we discussed.,add_comment
I put the Redis integration into review yesterday.,update_status
I signed off on SCRUM-37.,complete_task
I wrapped up the dark mode feature this morning.,complete_task
Just need to finish the tests for the admin dashboard and it's done.,update_status
Open a ticket for the error tracking setup for Morgan to pick up.,create_task
Remind me to add a note on SCRUM-24 later.,add_comment
Let's create a task to handle the S3 bucket setup.,create_task
Let me add that to the ticket.,add_comment
Still working through SCRUM-36.,update_status
I finished SCRUM-30 this morning.,complete_task
Alex is going to pick up the CI/CD pipeline.,assign_task
Open a ticket for the user profile page for Jamie to pick up.,create_task
Jordan should handle the OAuth implementation this sprint.,assign_task
I put the S3 bucket setup into review yesterday.,update_status
Riley will own the data export feature going forward.,assign_task
My plan is to open a story for the database schema migration today.,create_task
Assigning SCRUM-33 to Jordan.,assign_task
"the dark mode feature isn't in Jira yet, let me add it.",create_task
"The user profile page is almost done, just a few things left.",update_status
I'd like Morgan to own the user profile page.,assign_task
"I've finished the authentication service, it's ready for review.",complete_task
Can Avery pick this up?,assign_task
I'll have Devon pick up the admin dashboard.,assign_task
I'm going to delegate the database schema migration to Morgan.,assign_task
I can take ownership of the admin dashboard.,assign_task
I've shipped the API integration module.,complete_task
SCRUM-10 has been merged.,complete_task
After this call I'll update the dark mode feature with the details.,add_comment
I shipped SCRUM-47.,complete_task
Let me add that to the ticket.,add_comment
I'm happy to say the dark mode feature is complete.,complete_task
I've done with the caching layer and pushed the changes.,complete_task
I've wrapped up the S3 bucket setup and pushed the changes.,complete_task
Create a task for the caching layer and assign it to Quinn.,create_task
That feature isn't tracked yet — we need a ticket.,create_task
I merged SCRUM-44.,complete_task
"We need a new story for the authentication service, Casey will own it.",create_task
Someone should note on the email service that we switched from MySQL to PostgreSQL for this.,add_comment
We should put that in the ticket for the reporting module.,add_comment
I'll open a ticket for the caching layer today.,create_task
Please document on SCRUM-6 that the approach was approved in the design review.,add_comment
SCRUM-10 is blocked waiting on infra.,update_status
Jordan will take over the deployment script from Casey.,assign_task
I'll update the ticket for the admin dashboard with what we decided.,add_comment
Assigning SCRUM-8 to Avery.,assign_task
I'll have Morgan pick up the deployment script.,assign_task
I'll take the user profile page.,assign_task
"We need a new story for the data export feature, Sameer will own it.",create_task
That task is fully done and ready for review.,complete_task
Making good progress on the CI/CD pipeline.,update_status
I'm actively working on SCRUM-24.,update_status
"I need someone to take the password reset flow — Alex, can you?",assign_task
Let me add that to the ticket.,add_comment
Devon said they'd pick up the mobile responsive layout.,assign_task
My PR for the load balancer config got merged.,complete_task
There's no task for the data export feature yet.,create_task
Avery will take over the webhook handler from Priya.,assign_task
I'll update the comments on the billing integration with today's discussion.,add_comment
The api documentation is on hold until we resolve the config issue.,update_status
I'm actively taking care of the CI/CD pipeline.,update_status
Can someone annotate the rate limiting middleware with the edge cases we found?,add_comment
We should document the decision about the CI/CD pipeline in the ticket.,add_comment
The payment gateway should go to Priya.,assign_task
I closed out the admin dashboard yesterday.,complete_task
Can someone create a story for the authentication service?,create_task
We should create a spike for the payment gateway.,create_task
I'm assigning the unit tests for auth to Riley.,assign_task
Let's create a task to handle the billing integration.,create_task
I'm still picking up the OAuth implementation.,update_status
The data export feature is in review.,update_status
All the work for the OAuth implementation is wrapped up.,complete_task
The error tracking setup is in review.,update_status
I'll add a note to the billing integration about the approach we discussed.,add_comment
Can you record the decision in the OAuth implementation?,add_comment
I'll have Alex pick up the unit tests for auth.,assign_task
I picked up the onboarding flow yesterday and it's going well.,update_status
I've signed off on the authentication service and pushed the changes.,complete_task
I'll leave a note on SCRUM-40 about this.,add_comment
I wrapped up the API integration module this morning.,complete_task
I'll note that in the ticket.,add_comment
Add a comment to SCRUM-56 that the client requested a UI change.,add_comment
The accessibility fixes is on hold until we resolve the config issue.,update_status
I'll assign SCRUM-29 to Morgan.,assign_task
Open a ticket for the S3 bucket setup for Casey to pick up.,create_task
I'll assign the API integration module to Morgan.,assign_task
Today I'm going to create a task for the deployment script.,create_task
I finished SCRUM-20 this morning.,complete_task
I deployed the accessibility fixes yesterday.,complete_task
I can't move forward on the search feature until the API is ready.,update_status
I'm actively working on SCRUM-38.,update_status
Let me add a new task for the search feature — it should include setup instructions.,create_task
I finished SCRUM-28 this morning.,complete_task
Can we give the S3 bucket setup to Jordan?,assign_task
"The error tracking setup is finished, nothing left to do.",complete_task
I'll take the CI/CD pipeline.,assign_task
Let me add a new task for the unit tests for auth — it should include setup instructions.,create_task
The notification service is on hold until we resolve the config issue.,update_status
I'll open a ticket for the search feature today.,create_task
I've completed about 80% of the search feature.,update_status
"We're missing a story for the data export feature, someone add it.",create_task
I'll add a technical note to SCRUM-26 for future reference.,add_comment
Let's log a bug for the issue in the payment gateway.,create_task
I'll update the ticket for the password reset flow with what we decided.,add_comment
SCRUM-56 is currently in progress.,update_status
Let's assign the caching layer to Morgan.,assign_task
Add context to SCRUM-39 about the blockers we discussed.,add_comment
Alex said they'd pick up the reporting module.,assign_task
The unit tests for auth has been done with.,complete_task
I'll add a note to the payment gateway about the approach we discussed.,add_comment
Assigning SCRUM-59 to Quinn.,assign_task
I signed off on SCRUM-48.,complete_task
I deployed the notification service last night.,complete_task
Action item: create a ticket for the email service.,create_task
I picked up the mobile responsive layout yesterday and it's going well.,update_status
Remind me to add a note on SCRUM-41 later.,add_comment
My PR for the payment gateway is up for review.,update_status
We should document the decision about the payment gateway in the ticket.,add_comment
We need to create a new task for the unit tests for auth.,create_task
Let me add a new task for the database schema migration — it should include setup instructions.,create_task
We need to open a bug for the accessibility fixes.,create_task
I've shipped the OAuth implementation.,complete_task
SCRUM-22 has been completed.,complete_task
Can you record the decision in the caching layer?,add_comment
SCRUM-44 is done.,complete_task
Add a note to the login page UI saying we changed the deadline to Friday.,add_comment
Add a comment to SCRUM-48 that we decided to use REST instead of GraphQL.,add_comment
I'm currently handling SCRUM-28.,update_status
Update SCRUM-35 with a comment — we changed the deadline to Friday.,add_comment
The redis integration is on hold until we resolve the config issue.,update_status
Create a task for the dark mode feature and assign it to Devon.,create_task
Can you assign the OAuth implementation to Casey?,assign_task
All the work for the OAuth implementation is wrapped up.,complete_task
The PR for the dark mode feature is merged and deployed.,complete_task
"I'm blocked on the CI/CD pipeline, waiting for Riley.",update_status
Let's reassign the data export feature from Avery to Devon.,assign_task
We need a new ticket for the load balancer config.,create_task
Can you move SCRUM-49 to Casey?,assign_task
Can someone create a story for the data export feature?,create_task
Today I'll continue making progress on the password reset flow.,update_status
My PR for the unit tests for auth got merged.,complete_task
I'm done with the unit tests for auth.,complete_task
I've wrapped up the webhook handler.,complete_task
Can Devon pick this up?,assign_task
Can you update the ticket for the API documentation with a note that the PR needs another round of review?,add_comment
Action item: create a ticket for the OAuth implementation.,create_task
There's no task for the user profile page yet.,create_task
That feature isn't tracked yet — we need a ticket.,create_task
Still working through SCRUM-31.,update_status
Quinn is going to pick up the deployment script.,assign_task
I'll pick up the authentication service myself.,assign_task
We should add the OAuth implementation to the backlog.,create_task
Open a ticket for the data export feature for Priya to pick up.,create_task
Let me create a task for the mobile responsive layout.,create_task
"Jordan, can you take ownership of the S3 bucket setup?",assign_task
I'll pick up the unit tests for auth myself.,assign_task
I put the load balancer config into review yesterday.,update_status
We can mark the authentication service as done.,complete_task
I'm still actively working on the user profile page.,update_status
"Quinn, can you take ownership of the dark mode feature?",assign_task
Can we give the mobile responsive layout to Avery?,assign_task
I'll create an investigation ticket for the search feature.,create_task
Action item: create a ticket for the error tracking setup.,create_task
Add a comment to SCRUM-59 that we switched from MySQL to PostgreSQL for this.,add_comment
I wrapped up the unit tests for auth yesterday.,complete_task
I've submitted the error tracking setup for review.,update_status
Note in the error tracking setup that we're waiting on the design team.,add_comment
I'll document that decision in SCRUM-6.,add_comment
I'll add a technical note to SCRUM-43 for future reference.,add_comment
My plan is to open a story for the notification service today.,create_task
"The rate limiting middleware is ready for review, waiting on Avery.",update_status
I've closed SCRUM-29.,complete_task
"Still picking up the dark mode feature, should be done by EOD.",update_status
Put the password reset flow on me.,assign_task
Let me add a new task for the load balancer config — it should include setup instructions.,create_task
Blocked on the mobile responsive layout due to a dependency on Morgan.,update_status
Assigning SCRUM-29 to Jordan.,assign_task
I'm assigning the caching layer to Casey.,assign_task
Still working through SCRUM-30.,update_status
I wrapped up the rate limiting middleware this morning.,complete_task
Jamie has finished the mobile responsive layout.,complete_task
"Taylor, would you be able to handle the login page UI?",assign_task
I resolved the deployment script last night.,complete_task
I'll add a comment to the load balancer config after the standup.,add_comment
There's no task for the CI/CD pipeline yet.,create_task
That task is fully done and ready for review.,complete_task
After this call I'll update the email service with the details.,add_comment
"Still actively working on the API integration module, should be done by EOD.",update_status
My plan is to open a story for the notification service today.,create_task
Moving the password reset flow from Avery to Riley.,assign_task
Today I'll continue making progress on the email service.,update_status
We should add the user profile page to the backlog.,create_task
Today I'll continue actively working on the S3 bucket setup.,update_status
Can someone add a comment on the email service that the client requested a UI change?,add_comment
Let me create a task for the user profile page.,create_task
I'm happy to say the accessibility fixes is complete.,complete_task
The login page ui is in progress.,update_status
Can you record the decision in the reporting module?,add_comment
"The payment gateway is almost done, just a few things left.",update_status
The s3 bucket setup should go to Jamie.,assign_task
I'm actively halfway through the database schema migration.,update_status
Log a comment on the reporting module: we got sign-off from the product team.,add_comment
I deployed the password reset flow last night.,complete_task
Update the accessibility fixes with a comment about the API changes.,add_comment
"The load balancer config is almost done, just a few things left.",update_status
SCRUM-38 is now assigned to Priya.,assign_task
SCRUM-35 is in review.,update_status
Just need to finish the tests for the data export feature and it's done.,update_status
I merged SCRUM-58.,complete_task
Can you drop a note on the API documentation that the client requested a UI change?,add_comment
"We need a new story for the webhook handler, Priya will own it.",create_task
Just resolved the email service.,complete_task
Riley finished the unit tests for auth last sprint.,complete_task
I'll pick up the admin dashboard myself.,assign_task
Please document on SCRUM-36 that the team agreed to use a third-party library.,add_comment
Moving the user profile page from Casey to Jordan.,assign_task
Let me add that to the ticket.,add_comment
I signed off on SCRUM-33.,complete_task
Today I'm going to create a task for the data export feature.,create_task
I'll own the OAuth implementation going forward.,assign_task
Devon is going to pick up the user profile page.,assign_task
Log a comment on the notification service: the approach was approved in the design review.,add_comment
I'll note that in the ticket.,add_comment
Making good progress on the database schema migration.,update_status
I've submitted the data export feature for review.,update_status
Add a note to the mobile responsive layout saying we agreed to postpone this to next sprint.,add_comment
"The payment gateway is almost done, just a few things left.",update_status
I'll leave a note on SCRUM-22 about this.,add_comment
Just merged the S3 bucket setup.,complete_task
My PR for the dark mode feature got merged.,complete_task
Can you open a new story for the payment gateway?,create_task
The PR for the billing integration is merged and deployed.,complete_task
I'll update the comments on the webhook handler with today's discussion.,add_comment
Can you record the decision in the payment gateway?,add_comment
I finished SCRUM-6 this morning.,complete_task
I'm happy to say the load balancer config is complete.,complete_task
My plan is to open a story for the email service today.,create_task
Remind me to add a note on SCRUM-10 later.,add_comment
I'll document that decision in SCRUM-54.,add_comment
"Morgan, would you be able to handle the authentication service?",assign_task
Can you drop a note on the load balancer config that we got sign-off from the product team?,add_comment
Let me add a new task for the mobile responsive layout — it should include setup instructions.,create_task
I'll leave a note on SCRUM-37 about this.,add_comment
"We need a new story for the onboarding flow, Jordan will own it.",create_task
Can you move SCRUM-3 to Devon?,assign_task
SCRUM-31 is in review.,update_status
Someone should note on the load balancer config that we decided to split this into two tasks.,add_comment
I can't move forward on the API documentation until the API is ready.,update_status
Priya is going to pick up the caching layer.,assign_task
Put the admin dashboard on me.,assign_task
Someone should note on the user profile page that the team agreed to use a third-party library.,add_comment
Let me create a task for the API integration module.,create_task
Sameer should handle the CI/CD pipeline this sprint.,assign_task
Add a comment to SCRUM-11 that we got sign-off from the product team.,add_comment
I've deployed the notification service.,complete_task
"Mostly done with the deployment script, just testing left.",update_status
The redis integration has been wrapped up.,complete_task
Let me add a new task for the search feature — it should include setup instructions.,create_task
"I don't see a ticket for the authentication service, I'll create one.",create_task
I'm done with the user profile page.,complete_task
"Morgan, would you be able to handle the unit tests for auth?",assign_task
Sameer should handle the database schema migration this sprint.,assign_task
Making good progress on the API documentation.,update_status
Sameer should handle the data export feature this sprint.,assign_task
We need to open a bug for the accessibility fixes.,create_task
I'll pick up the data export feature myself.,assign_task
Can Jamie own the password reset flow?,assign_task
I'll assign the search feature to Sameer.,assign_task
Can you update the ticket for the S3 bucket setup with a note that we switched from MySQL to PostgreSQL for this?,add_comment
Riley signed off on the webhook handler yesterday.,complete_task
Note in the unit tests for auth that we're waiting on the design team.,add_comment
After this call I'll update the deployment script with the details.,add_comment
SCRUM-5 is done.,complete_task
Can someone annotate the API integration module with the edge cases we found?,add_comment
SCRUM-20 is now assigned to Riley.,assign_task
I deployed the S3 bucket setup last night.,complete_task
Remind me to add a note on SCRUM-8 later.,add_comment
That task is fully done and ready for review.,complete_task
Priya said they'd pick up the Redis integration.,assign_task
My plan is to open a story for the database schema migration today.,create_task
"I'm blocked on the email service, waiting for Quinn.",update_status
I'll note that in the ticket.,add_comment
"The login page ui is finished, nothing left to do.",complete_task
Today I'm going to create a task for the CI/CD pipeline.,create_task
The accessibility fixes is on hold until we resolve the config issue.,update_status
Add a note to the email service saying the client requested a UI change.,add_comment
Can you update the ticket for the Redis integration with a note that the client requested a UI change?,add_comment
I've submitted the unit tests for auth for review.,update_status
The caching layer is in review.,update_status
The payment gateway is on hold until we resolve the config issue.,update_status
I need to log a task for the API documentation before EOD.,create_task
"I've finished the user profile page, it's ready for review.",complete_task
SCRUM-19 is blocked waiting on infra.,update_status
"the deployment script isn't in Jira yet, let me add it.",create_task
Let's reassign the error tracking setup from Morgan to Jordan.,assign_task
Can we give the load balancer config to Alex?,assign_task
Let's create a task to handle the accessibility fixes.,create_task
"The mobile responsive layout is ready for review, waiting on Jamie.",update_status
I've submitted the email service for review.,update_status
The accessibility fixes is deployed to staging.,complete_task
I merged the error tracking setup into main.,complete_task
Can Jamie pick this up?,assign_task
Let me create a task for the login page UI.,create_task
"The onboarding flow is almost done, just a few things left.",update_status
My PR for the data export feature got merged.,complete_task
We should add the login page UI to the backlog.,create_task
I'll pick up the email service myself.,assign_task
The PR for the API integration module is merged and deployed.,complete_task
I've been currently handling the search feature since yesterday.,update_status
I'm about halfway through the search feature.,update_status
The notification service should go to Avery.,assign_task
Create a task for the notification service and assign it to Riley.,create_task
I've completed about 80% of the admin dashboard.,update_status
I'd like Jamie to own the reporting module.,assign_task
"Still actively working on the error tracking setup, should be done by EOD.",update_status
Let's make sure to document this in SCRUM-19.,add_comment
I'll update the ticket for the login page UI with what we decided.,add_comment
We should put that in the ticket for the mobile responsive layout.,add_comment
I'll be creating a ticket for the API integration module this morning.,create_task
Blocked on the onboarding flow due to a dependency on Casey.,update_status
Avery said they'd pick up the user profile page.,assign_task
I'll note that in the ticket.,add_comment
Alex should handle the admin dashboard this sprint.,assign_task
"The api documentation is ready for review, waiting on Avery.",update_status
Just closed out the billing integration.,complete_task
Create a ticket for the authentication service with a description about the approach.,create_task
We should add the dark mode feature to the backlog.,create_task
"The deployment script is finished, nothing left to do.",complete_task
We can mark the reporting module as done.,complete_task
Just closed out the API integration module.,complete_task
I'll pick up the mobile responsive layout myself.,assign_task
Create a ticket for the Redis integration with a description about the approach.,create_task
I'm actively working on SCRUM-52.,update_status
I've completed about 80% of the S3 bucket setup.,update_status
"Jordan, would you be able to handle the OAuth implementation?",assign_task
Can you assign the S3 bucket setup to Morgan?,assign_task
I put the search feature into review yesterday.,update_status
"We need a task for the payment gateway, the description should cover the implementation details.",create_task
Please add a comment on SCRUM-26 — we decided to use REST instead of GraphQL.,add_comment
"The error tracking setup is finished, nothing left to do.",complete_task
Just wrapped up the mobile responsive layout.,complete_task
We need to create a new task for the Redis integration.,create_task
We need to open a bug for the onboarding flow.,create_task
Let me comment on SCRUM-27 with the outcome of today's discussion.,add_comment
Let me create a task for the mobile responsive layout.,create_task
"I need someone to take the S3 bucket setup — Avery, can you?",assign_task
I'm still halfway through the password reset flow.,update_status
Blocked on the load balancer config due to a dependency on Casey.,update_status
Let's assign the user profile page to Alex.,assign_task
Let's assign the S3 bucket setup to Quinn.,assign_task
Open a ticket for the database schema migration for Jordan to pick up.,create_task
Update the API documentation with a comment about the API changes.,add_comment
I'd like Devon to own the unit tests for auth.,assign_task
I picked up the search feature yesterday and it's going well.,update_status
Can someone add a comment on the onboarding flow that the team agreed to use a third-party library?,add_comment
We should document the decision about the payment gateway in the ticket.,add_comment
The unit tests for auth is done.,complete_task
"I don't see a ticket for the payment gateway, I'll create one.",create_task
Create a ticket for the caching layer with a description about the approach.,create_task
That feature isn't tracked yet — we need a ticket.,create_task
Can someone annotate the rate limiting middleware with the edge cases we found?,add_comment
I wrapped up SCRUM-12.,complete_task
"I need someone to take the login page UI — Riley, can you?",assign_task
I'll take the onboarding flow.,assign_task
I'll add a technical note to SCRUM-28 for future reference.,add_comment
I'll open a ticket for the caching layer today.,create_task
Note in the email service that we're waiting on the design team.,add_comment
I closed out the billing integration last night.,complete_task
Create a ticket for the rate limiting middleware with a description about the approach.,create_task
Priya has wrapped up the email service.,complete_task
The webhook handler is deployed to staging.,complete_task
I think we should open a ticket for the password reset flow.,create_task
I deployed the user profile page last night.,complete_task
"I've finished the search feature, it's ready for review.",complete_task
Taylor has merged the password reset flow.,complete_task
"Still currently handling the database schema migration, should be done by EOD.",update_status
"I'm blocked on the reporting module, waiting for Jamie.",update_status
I'll open a ticket for the data export feature today.,create_task
Today I'll continue actively working on the login page UI.,update_status
Create a ticket for the password reset flow with a description about the approach.,create_task
Please add a comment on SCRUM-42 — the team agreed to use a third-party library.,add_comment
